pdb_id,atom1,atom2
5tru,2695,8
5tru,2926,68
5tru,2921,71
5tru,2520,334
5tru,2670,334
5tru,2106,335
5tru,2505,345
5tru,2520,347
5tru,2521,754
5tru,2106,779
5tru,2143,792
5tru,2162,850
5tru,3450,853
5tru,2089,853
5tru,3417,860
5tru,3604,862
5tru,3605,863
5tru,2515,870
5tru,3405,871
5tru,2940,872
5tru,3405,872
5tru,3405,873
5tru,3450,873
5tru,2515,873
5tru,2521,1666
5tru,3424,1682
7su0,2695,8
7su0,2926,68
7su0,2921,71
7su0,2520,334
7su0,2670,334
7su0,2106,335
7su0,2505,345
7su0,2520,347
7su0,2521,754
7su0,2106,779
7su0,2143,792
7su0,2162,850
7su0,3450,853
7su0,2089,853
7su0,3417,860
7su0,3604,862
7su0,3605,863
7su0,2515,870
7su0,3405,871
7su0,2940,872
7su0,3405,872
7su0,3405,873
7su0,3450,873
7su0,2515,873
7su0,2521,1666
7su0,3424,1682
7su1,2695,8
7su1,2926,68
7su1,2921,71
7su1,2520,334
7su1,2670,334
7su1,2106,335
7su1,2505,345
7su1,2520,347
7su1,2521,754
7su1,2106,779
7su1,2143,792
7su1,2162,850
7su1,3450,853
7su1,2089,853
7su1,3417,860
7su1,3604,862
7su1,3605,863
7su1,2515,870
7su1,3405,871
7su1,2940,872
7su1,3405,872
7su1,3405,873
7su1,3450,873
7su1,2515,873
7su1,2521,1666
7su1,3424,1682
9dq4,2695,8
9dq4,2926,68
9dq4,2921,71
9dq4,2520,334
9dq4,2670,334
9dq4,2106,335
9dq4,2505,345
9dq4,2520,347
9dq4,2521,754
9dq4,2106,779
9dq4,2143,792
9dq4,2162,850
9dq4,3450,853
9dq4,2089,853
9dq4,3417,860
9dq4,3604,862
9dq4,3605,863
9dq4,2515,870
9dq4,3405,871
9dq4,2940,872
9dq4,3405,872
9dq4,3405,873
9dq4,3450,873
9dq4,2515,873
9dq4,2521,1666
9dq4,3424,1682
9dq3,2695,8
9dq3,2926,68
9dq3,2921,71
9dq3,2520,334
9dq3,2670,334
9dq3,2106,335
9dq3,2505,345
9dq3,2520,347
9dq3,2521,754
9dq3,2106,779
9dq3,2143,792
9dq3,2162,850
9dq3,3450,853
9dq3,2089,853
9dq3,3417,860
9dq3,3604,862
9dq3,3605,863
9dq3,2515,870
9dq3,3405,871
9dq3,2940,872
9dq3,3405,872
9dq3,3405,873
9dq3,3450,873
9dq3,2515,873
9dq3,2521,1666
9dq3,3424,1682
6rp8,2695,8
6rp8,2926,68
6rp8,2921,71
6rp8,2520,334
6rp8,2670,334
6rp8,2106,335
6rp8,2505,345
6rp8,2520,347
6rp8,2521,754
6rp8,2106,779
6rp8,2143,792
6rp8,2162,850
6rp8,3450,853
6rp8,2089,853
6rp8,3417,860
6rp8,3604,862
6rp8,3605,863
6rp8,2515,870
6rp8,3405,871
6rp8,2940,872
6rp8,3405,872
6rp8,3405,873
6rp8,3450,873
6rp8,2515,873
6rp8,2521,1666
6rp8,3424,1682
5xj3,2695,8
5xj3,2926,68
5xj3,2921,71
5xj3,2520,334
5xj3,2670,334
5xj3,2106,335
5xj3,2505,345
5xj3,2520,347
5xj3,2521,754
5xj3,2106,779
5xj3,2143,792
5xj3,2162,850
5xj3,3450,853
5xj3,2089,853
5xj3,3417,860
5xj3,3604,862
5xj3,3605,863
5xj3,2515,870
5xj3,3405,871
5xj3,2940,872
5xj3,3405,872
5xj3,3405,873
5xj3,3450,873
5xj3,2515,873
5xj3,2521,1666
5xj3,3424,1682
5ggv,2695,8
5ggv,2926,68
5ggv,2921,71
5ggv,2520,334
5ggv,2670,334
5ggv,2106,335
5ggv,2505,345
5ggv,2520,347
5ggv,2521,754
5ggv,2106,779
5ggv,2143,792
5ggv,2162,850
5ggv,3450,853
5ggv,2089,853
5ggv,3417,860
5ggv,3604,862
5ggv,3605,863
5ggv,2515,870
5ggv,3405,871
5ggv,2940,872
5ggv,3405,872
5ggv,3405,873
5ggv,3450,873
5ggv,2515,873
5ggv,2521,1666
5ggv,3424,1682
8gy5,2695,8
8gy5,2926,68
8gy5,2921,71
8gy5,2520,334
8gy5,2670,334
8gy5,2106,335
8gy5,2505,345
8gy5,2520,347
8gy5,2521,754
8gy5,2106,779
8gy5,2143,792
8gy5,2162,850
8gy5,3450,853
8gy5,2089,853
8gy5,3417,860
8gy5,3604,862
8gy5,3605,863
8gy5,2515,870
8gy5,3405,871
8gy5,2940,872
8gy5,3405,872
8gy5,3405,873
8gy5,3450,873
8gy5,2515,873
8gy5,2521,1666
8gy5,3424,1682
5b8c,2695,8
5b8c,2926,68
5b8c,2921,71
5b8c,2520,334
5b8c,2670,334
5b8c,2106,335
5b8c,2505,345
5b8c,2520,347
5b8c,2521,754
5b8c,2106,779
5b8c,2143,792
5b8c,2162,850
5b8c,3450,853
5b8c,2089,853
5b8c,3417,860
5b8c,3604,862
5b8c,3605,863
5b8c,2515,870
5b8c,3405,871
5b8c,2940,872
5b8c,3405,872
5b8c,3405,873
5b8c,3450,873
5b8c,2515,873
5b8c,2521,1666
5b8c,3424,1682
7wvm,2695,8
7wvm,2926,68
7wvm,2921,71
7wvm,2520,334
7wvm,2670,334
7wvm,2106,335
7wvm,2505,345
7wvm,2520,347
7wvm,2521,754
7wvm,2106,779
7wvm,2143,792
7wvm,2162,850
7wvm,3450,853
7wvm,2089,853
7wvm,3417,860
7wvm,3604,862
7wvm,3605,863
7wvm,2515,870
7wvm,3405,871
7wvm,2940,872
7wvm,3405,872
7wvm,3405,873
7wvm,3450,873
7wvm,2515,873
7wvm,2521,1666
7wvm,3424,1682
5jxe,2695,8
5jxe,2926,68
5jxe,2921,71
5jxe,2520,334
5jxe,2670,334
5jxe,2106,335
5jxe,2505,345
5jxe,2520,347
5jxe,2521,754
5jxe,2106,779
5jxe,2143,792
5jxe,2162,850
5jxe,3450,853
5jxe,2089,853
5jxe,3417,860
5jxe,3604,862
5jxe,3605,863
5jxe,2515,870
5jxe,3405,871
5jxe,2940,872
5jxe,3405,872
5jxe,3405,873
5jxe,3450,873
5jxe,2515,873
5jxe,2521,1666
5jxe,3424,1682
6xkr,2695,8
6xkr,2926,68
6xkr,2921,71
6xkr,2520,334
6xkr,2670,334
6xkr,2106,335
6xkr,2505,345
6xkr,2520,347
6xkr,2521,754
6xkr,2106,779
6xkr,2143,792
6xkr,2162,850
6xkr,3450,853
6xkr,2089,853
6xkr,3417,860
6xkr,3604,862
6xkr,3605,863
6xkr,2515,870
6xkr,3405,871
6xkr,2940,872
6xkr,3405,872
6xkr,3405,873
6xkr,3450,873
6xkr,2515,873
6xkr,2521,1666
6xkr,3424,1682
6k0y,2695,8
6k0y,2926,68
6k0y,2921,71
6k0y,2520,334
6k0y,2670,334
6k0y,2106,335
6k0y,2505,345
6k0y,2520,347
6k0y,2521,754
6k0y,2106,779
6k0y,2143,792
6k0y,2162,850
6k0y,3450,853
6k0y,2089,853
6k0y,3417,860
6k0y,3604,862
6k0y,3605,863
6k0y,2515,870
6k0y,3405,871
6k0y,2940,872
6k0y,3405,872
6k0y,3405,873
6k0y,3450,873
6k0y,2515,873
6k0y,2521,1666
6k0y,3424,1682
7cu5,2695,8
7cu5,2926,68
7cu5,2921,71
7cu5,2520,334
7cu5,2670,334
7cu5,2106,335
7cu5,2505,345
7cu5,2520,347
7cu5,2521,754
7cu5,2106,779
7cu5,2143,792
7cu5,2162,850
7cu5,3450,853
7cu5,2089,853
7cu5,3417,860
7cu5,3604,862
7cu5,3605,863
7cu5,2515,870
7cu5,3405,871
7cu5,2940,872
7cu5,3405,872
7cu5,3405,873
7cu5,3450,873
7cu5,2515,873
7cu5,2521,1666
7cu5,3424,1682
7wsl,2695,8
7wsl,2926,68
7wsl,2921,71
7wsl,2520,334
7wsl,2670,334
7wsl,2106,335
7wsl,2505,345
7wsl,2520,347
7wsl,2521,754
7wsl,2106,779
7wsl,2143,792
7wsl,2162,850
7wsl,3450,853
7wsl,2089,853
7wsl,3417,860
7wsl,3604,862
7wsl,3605,863
7wsl,2515,870
7wsl,3405,871
7wsl,2940,872
7wsl,3405,872
7wsl,3405,873
7wsl,3450,873
7wsl,2515,873
7wsl,2521,1666
7wsl,3424,1682
5ggr,2695,8
5ggr,2926,68
5ggr,2921,71
5ggr,2520,334
5ggr,2670,334
5ggr,2106,335
5ggr,2505,345
5ggr,2520,347
5ggr,2521,754
5ggr,2106,779
5ggr,2143,792
5ggr,2162,850
5ggr,3450,853
5ggr,2089,853
5ggr,3417,860
5ggr,3604,862
5ggr,3605,863
5ggr,2515,870
5ggr,3405,871
5ggr,2940,872
5ggr,3405,872
5ggr,3405,873
5ggr,3450,873
5ggr,2515,873
5ggr,2521,1666
5ggr,3424,1682
5wt9,2695,8
5wt9,2926,68
5wt9,2921,71
5wt9,2520,334
5wt9,2670,334
5wt9,2106,335
5wt9,2505,345
5wt9,2520,347
5wt9,2521,754
5wt9,2106,779
5wt9,2143,792
5wt9,2162,850
5wt9,3450,853
5wt9,2089,853
5wt9,3417,860
5wt9,3604,862
5wt9,3605,863
5wt9,2515,870
5wt9,3405,871
5wt9,2940,872
5wt9,3405,872
5wt9,3405,873
5wt9,3450,873
5wt9,2515,873
5wt9,2521,1666
5wt9,3424,1682
5ggs,2695,8
5ggs,2926,68
5ggs,2921,71
5ggs,2520,334
5ggs,2670,334
5ggs,2106,335
5ggs,2505,345
5ggs,2520,347
5ggs,2521,754
5ggs,2106,779
5ggs,2143,792
5ggs,2162,850
5ggs,3450,853
5ggs,2089,853
5ggs,3417,860
5ggs,3604,862
5ggs,3605,863
5ggs,2515,870
5ggs,3405,871
5ggs,2940,872
5ggs,3405,872
5ggs,3405,873
5ggs,3450,873
5ggs,2515,873
5ggs,2521,1666
5ggs,3424,1682
7bxa,2695,8
7bxa,2926,68
7bxa,2921,71
7bxa,2520,334
7bxa,2670,334
7bxa,2106,335
7bxa,2505,345
7bxa,2520,347
7bxa,2521,754
7bxa,2106,779
7bxa,2143,792
7bxa,2162,850
7bxa,3450,853
7bxa,2089,853
7bxa,3417,860
7bxa,3604,862
7bxa,3605,863
7bxa,2515,870
7bxa,3405,871
7bxa,2940,872
7bxa,3405,872
7bxa,3405,873
7bxa,3450,873
7bxa,2515,873
7bxa,2521,1666
7bxa,3424,1682
7cgw,2695,8
7cgw,2926,68
7cgw,2921,71
7cgw,2520,334
7cgw,2670,334
7cgw,2106,335
7cgw,2505,345
7cgw,2520,347
7cgw,2521,754
7cgw,2106,779
7cgw,2143,792
7cgw,2162,850
7cgw,3450,853
7cgw,2089,853
7cgw,3417,860
7cgw,3604,862
7cgw,3605,863
7cgw,2515,870
7cgw,3405,871
7cgw,2940,872
7cgw,3405,872
7cgw,3405,873
7cgw,3450,873
7cgw,2515,873
7cgw,2521,1666
7cgw,3424,1682
8tui,2695,8
8tui,2926,68
8tui,2921,71
8tui,2520,334
8tui,2670,334
8tui,2106,335
8tui,2505,345
8tui,2520,347
8tui,2521,754
8tui,2106,779
8tui,2143,792
8tui,2162,850
8tui,3450,853
8tui,2089,853
8tui,3417,860
8tui,3604,862
8tui,3605,863
8tui,2515,870
8tui,3405,871
8tui,2940,872
8tui,3405,872
8tui,3405,873
8tui,3450,873
8tui,2515,873
8tui,2521,1666
8tui,3424,1682
6txz,2695,8
6txz,2926,68
6txz,2921,71
6txz,2520,334
6txz,2670,334
6txz,2106,335
6txz,2505,345
6txz,2520,347
6txz,2521,754
6txz,2106,779
6txz,2143,792
6txz,2162,850
6txz,3450,853
6txz,2089,853
6txz,3417,860
6txz,3604,862
6txz,3605,863
6txz,2515,870
6txz,3405,871
6txz,2940,872
6txz,3405,872
6txz,3405,873
6txz,3450,873
6txz,2515,873
6txz,2521,1666
6txz,3424,1682
5grj,2695,8
5grj,2926,68
5grj,2921,71
5grj,2520,334
5grj,2670,334
5grj,2106,335
5grj,2505,345
5grj,2520,347
5grj,2521,754
5grj,2106,779
5grj,2143,792
5grj,2162,850
5grj,3450,853
5grj,2089,853
5grj,3417,860
5grj,3604,862
5grj,3605,863
5grj,2515,870
5grj,3405,871
5grj,2940,872
5grj,3405,872
5grj,3405,873
5grj,3450,873
5grj,2515,873
5grj,2521,1666
5grj,3424,1682
5xxy,2695,8
5xxy,2926,68
5xxy,2921,71
5xxy,2520,334
5xxy,2670,334
5xxy,2106,335
5xxy,2505,345
5xxy,2520,347
5xxy,2521,754
5xxy,2106,779
5xxy,2143,792
5xxy,2162,850
5xxy,3450,853
5xxy,2089,853
5xxy,3417,860
5xxy,3604,862
5xxy,3605,863
5xxy,2515,870
5xxy,3405,871
5xxy,2940,872
5xxy,3405,872
5xxy,3405,873
5xxy,3450,873
5xxy,2515,873
5xxy,2521,1666
5xxy,3424,1682
5x8l,2695,8
5x8l,2926,68
5x8l,2921,71
5x8l,2520,334
5x8l,2670,334
5x8l,2106,335
5x8l,2505,345
5x8l,2520,347
5x8l,2521,754
5x8l,2106,779
5x8l,2143,792
5x8l,2162,850
5x8l,3450,853
5x8l,2089,853
5x8l,3417,860
5x8l,3604,862
5x8l,3605,863
5x8l,2515,870
5x8l,3405,871
5x8l,2940,872
5x8l,3405,872
5x8l,3405,873
5x8l,3450,873
5x8l,2515,873
5x8l,2521,1666
5x8l,3424,1682
5x8m,2695,8
5x8m,2926,68
5x8m,2921,71
5x8m,2520,334
5x8m,2670,334
5x8m,2106,335
5x8m,2505,345
5x8m,2520,347
5x8m,2521,754
5x8m,2106,779
5x8m,2143,792
5x8m,2162,850
5x8m,3450,853
5x8m,2089,853
5x8m,3417,860
5x8m,3604,862
5x8m,3605,863
5x8m,2515,870
5x8m,3405,871
5x8m,2940,872
5x8m,3405,872
5x8m,3405,873
5x8m,3450,873
5x8m,2515,873
5x8m,2521,1666
5x8m,3424,1682
5xj4,2695,8
5xj4,2926,68
5xj4,2921,71
5xj4,2520,334
5xj4,2670,334
5xj4,2106,335
5xj4,2505,345
5xj4,2520,347
5xj4,2521,754
5xj4,2106,779
5xj4,2143,792
5xj4,2162,850
5xj4,3450,853
5xj4,2089,853
5xj4,3417,860
5xj4,3604,862
5xj4,3605,863
5xj4,2515,870
5xj4,3405,871
5xj4,2940,872
5xj4,3405,872
5xj4,3405,873
5xj4,3450,873
5xj4,2515,873
5xj4,2521,1666
5xj4,3424,1682
