num_hydrogen_bonds,num_salt_bridges,paratope_area,pdb_id,binding_score
0.0970873786407767,0.0,0.4829860947081117,5x8l,0.13543217039793304
0.04854368932038834,0.0,0.2881476826074919,5xj3,0.07704701224965371
0.13106796116504854,0.3333333333333333,0.6419255284224199,5wt9,0.3141456234838368
0.04854368932038834,0.0,0.27658317431974977,5xj3,0.0747341105921053
0.1116504854368932,0.0,0.5797774985862691,5x8l,0.1606156938920111
0.10194174757281553,0.0,0.7883723845977977,5b8c,0.19845117594868578
0.10679611650485436,0.6666666666666666,0.48289591890715855,6k0y,0.4059642970500401
0.06796116504854367,0.3333333333333333,0.6623550116038555,6xkr,0.2929888016735219
0.8834951456310679,0.0,0.8264516081450832,5xxy,0.5186883798814439
0.08737864077669902,0.3333333333333333,0.5561184300879414,5x8l,0.2795084756616012
0.06796116504854367,0.0,0.30107551186826365,5xj3,0.0873995683930702
0.08252427184466019,0.0,0.8307670504320723,5b8c,0.19916311882427856
0.08737864077669902,0.0,0.33152718619010635,7bxa,0.10125689354870088
0.13106796116504854,0.0,0.6116054900398995,5x8l,0.17474828247399932
0.07281553398058252,0.0,0.29043715928686176,5tru,0.08721364544960536
0.06310679611650484,0.0,0.5041393762282316,5jxe,0.12607059369224827
0.0,0.0,0.044175777432409524,7cu5,0.008835155486481906
0.07766990291262135,0.6666666666666666,0.4995774055800164,9dq3,0.3976501089477185
0.08737864077669902,0.0,0.3417696741811175,7bxa,0.1033053911469031
0.10194174757281553,0.6666666666666666,0.5727575795810413,7cgw,0.42199488161200116
0.04368932038834951,0.0,0.30587229041551234,6rp8,0.07865018623844228
0.053398058252427175,0.0,0.37894945191889684,7wvm,0.09714911368475024
0.053398058252427175,0.0,0.5133632205119252,5jxe,0.12403186740335591
0.1262135922330097,0.0,0.8975100595650631,5b8c,0.22998744880621652
0.09223300970873785,0.0,0.6217418560228924,5x8l,0.16124157508807363
0.16504854368932037,0.3333333333333333,0.7254244930152622,5ggv,0.34443764941211397
0.06310679611650484,0.3333333333333333,0.4686939877018864,8gy5,0.25231484932031256
0.04854368932038834,0.3333333333333333,0.3539038607162598,7wvm,0.22353158120474062
0.06310679611650484,0.6666666666666666,0.35679977165031485,5x8m,0.36326933944333156
0.12135922330097086,0.0,0.4791702470884718,5ggr,0.1443777387380827
0.053398058252427175,0.0,0.3365531117328803,5tru,0.08866984564754693
0.0970873786407767,0.0,0.5980644493864398,6txz,0.15844784133359865
0.10679611650485436,0.0,0.6188002592055959,6txz,0.16647849844306092
0.009708737864077669,0.0,0.0,7cu5,0.003883495145631068
1.0,1.0,0.7311952658900465,9dq4,0.9462390531780094
0.04854368932038834,0.3333333333333333,0.40876024817879364,7su0,0.2345028586972474
0.038834951456310676,0.6666666666666666,0.1988316214083411,7su1,0.3219669715308591
0.1116504854368932,0.6666666666666666,0.540376414204323,7cgw,0.4194021436822885
0.08252427184466019,0.0,0.5732527890414476,6txz,0.1476602665461536
0.0970873786407767,0.0,0.42026400141761777,5xj4,0.12288775173983424
0.1553398058252427,0.6666666666666666,0.4434831937940551,5grj,0.41749922775557474
0.1116504854368932,0.0,0.7695304260607267,5b8c,0.19856627938690263
0.04368932038834951,0.3333333333333333,0.31339052839152404,7su0,0.21348716716697794
0.07281553398058252,0.0,0.4619482637271428,8tui,0.12151586633766158
0.06796116504854367,0.0,0.312055511936035,6rp8,0.08959556840662447
0.03398058252427184,0.0,0.18412475355635305,5xj3,0.05041718372097935
0.15048543689320387,0.0,1.0,5ggs,0.26019417475728157
0.10679611650485436,0.0,0.30991170385820477,5ggr,0.10470078737358271
0.12135922330097086,0.3333333333333333,0.8922935768478615,5ggs,0.360335738023294
0.04854368932038834,0.0,0.42262085082183765,8gy5,0.10394164589252286
0.13592233009708737,0.0,0.9102108945682634,7wsl,0.23641111095248765
0.08737864077669902,0.0,0.5438016594819037,6txz,0.14371178820706035
