pdb,ALA,ARG,ASN,ASP,CYS,GLN,GLU,GLY,HIS,ILE,LEU,LYS,MET,PHE,PRO,SER,THR,TRP,TYR,VAL,checkpoint,cluster
5ggv,2.0,2.0,3.0,2.0,0.0,3.0,3.0,4.0,0.0,3.0,5.0,2.0,2.0,1.0,4.0,5.0,4.0,1.0,12.0,1.0,ctla4,2
5tru,1.0,1.0,2.0,0.0,0.0,1.0,3.0,5.0,1.0,2.0,4.0,1.0,2.0,1.0,3.0,7.0,0.0,2.0,8.0,1.0,ctla4,2
5xj3,0.0,1.0,1.0,1.0,0.0,1.0,3.0,4.0,0.0,2.0,3.0,2.0,2.0,1.0,3.0,6.0,4.0,2.0,8.0,1.0,ctla4,2
6rp8,0.0,1.0,2.0,0.0,0.0,1.0,3.0,4.0,1.0,2.0,3.0,1.0,2.0,1.0,3.0,6.0,2.0,2.0,8.0,1.0,ctla4,2
6xy2,1.0,0.0,4.0,1.0,0.0,0.0,0.0,3.0,2.0,1.0,3.0,1.0,1.0,0.0,4.0,3.0,1.0,2.0,11.0,0.0,ctla4,2
7dv4,1.0,2.0,2.0,2.0,1.0,0.0,3.0,3.0,1.0,0.0,1.0,2.0,2.0,1.0,1.0,5.0,3.0,0.0,5.0,2.0,ctla4,0
7elx,1.0,1.0,1.0,0.0,0.0,1.0,3.0,5.0,1.0,2.0,4.0,2.0,2.0,1.0,3.0,7.0,4.0,2.0,8.0,3.0,ctla4,2
7su0,1.0,1.0,1.0,1.0,0.0,2.0,5.0,5.0,3.0,2.0,4.0,1.0,2.0,1.0,3.0,4.0,5.0,2.0,7.0,1.0,ctla4,2
7su1,1.0,1.0,1.0,0.0,0.0,0.0,4.0,3.0,3.0,1.0,4.0,1.0,2.0,1.0,2.0,2.0,2.0,2.0,6.0,2.0,ctla4,2
9dq3,0.0,2.0,1.0,1.0,0.0,2.0,3.0,5.0,2.0,2.0,4.0,2.0,2.0,0.0,3.0,3.0,2.0,3.0,8.0,3.0,ctla4,2
9dq4,0.0,2.0,1.0,1.0,0.0,3.0,3.0,5.0,2.0,1.0,4.0,3.0,3.0,2.0,6.0,4.0,5.0,3.0,7.0,4.0,ctla4,2
9dq5,1.0,0.0,5.0,3.0,0.0,1.0,3.0,3.0,2.0,1.0,0.0,1.0,0.0,1.0,4.0,4.0,2.0,1.0,9.0,2.0,ctla4,2
8tui,0.0,1.0,1.0,3.0,0.0,0.0,1.0,2.0,3.0,3.0,4.0,2.0,0.0,4.0,2.0,8.0,3.0,1.0,6.0,1.0,kir,1
7tzg,3.0,2.0,1.0,3.0,0.0,3.0,2.0,7.0,0.0,1.0,2.0,3.0,0.0,1.0,3.0,4.0,4.0,0.0,4.0,1.0,lag3,1
7tzh,2.0,2.0,1.0,4.0,0.0,5.0,2.0,6.0,0.0,1.0,1.0,3.0,0.0,2.0,3.0,5.0,4.0,0.0,4.0,1.0,lag3,1
5b8c,3.0,4.0,5.0,4.0,0.0,2.0,4.0,4.0,0.0,3.0,5.0,2.0,1.0,3.0,3.0,7.0,6.0,0.0,8.0,1.0,pd1,1
5ggr,3.0,2.0,3.0,3.0,0.0,1.0,1.0,1.0,0.0,3.0,3.0,1.0,0.0,0.0,3.0,5.0,2.0,1.0,3.0,0.0,pd1,1
5ggs,3.0,4.0,4.0,6.0,0.0,2.0,2.0,3.0,0.0,3.0,7.0,2.0,1.0,4.0,3.0,6.0,4.0,0.0,8.0,1.0,pd1,1
5jxe,0.0,4.0,5.0,4.0,0.0,1.0,1.0,4.0,0.0,3.0,3.0,1.0,1.0,3.0,2.0,6.0,3.0,0.0,8.0,1.0,pd1,1
5wt9,4.0,3.0,2.0,5.0,0.0,1.0,1.0,1.0,1.0,3.0,3.0,2.0,0.0,0.0,3.0,6.0,4.0,2.0,5.0,1.0,pd1,1
6jjp,2.0,2.0,0.0,3.0,0.0,3.0,3.0,3.0,1.0,2.0,1.0,2.0,0.0,3.0,4.0,9.0,2.0,2.0,7.0,3.0,pd1,1
6k0y,3.0,3.0,2.0,3.0,0.0,2.0,1.0,2.0,1.0,5.0,3.0,2.0,0.0,2.0,2.0,7.0,1.0,0.0,5.0,1.0,pd1,1
6xkr,2.0,2.0,3.0,3.0,0.0,5.0,1.0,5.0,0.0,3.0,3.0,3.0,0.0,3.0,2.0,11.0,3.0,2.0,6.0,2.0,pd1,1
7bxa,3.0,2.0,5.0,4.0,0.0,1.0,1.0,1.0,1.0,2.0,1.0,1.0,0.0,3.0,0.0,5.0,2.0,0.0,7.0,1.0,pd1,1
7cgw,4.0,2.0,5.0,5.0,0.0,4.0,1.0,3.0,1.0,2.0,2.0,2.0,0.0,3.0,1.0,7.0,2.0,1.0,9.0,1.0,pd1,1
7cu5,2.0,0.0,2.0,0.0,0.0,1.0,2.0,3.0,0.0,1.0,2.0,1.0,1.0,1.0,2.0,4.0,0.0,0.0,3.0,1.0,pd1,2
7e9b,4.0,2.0,3.0,2.0,0.0,2.0,2.0,5.0,2.0,3.0,1.0,2.0,0.0,4.0,2.0,7.0,4.0,2.0,7.0,2.0,pd1,1
7wsl,4.0,1.0,1.0,3.0,0.0,0.0,2.0,5.0,1.0,2.0,1.0,2.0,0.0,3.0,3.0,10.0,3.0,2.0,9.0,3.0,pd1,1
7wvm,2.0,2.0,4.0,3.0,0.0,1.0,2.0,4.0,0.0,3.0,1.0,3.0,0.0,5.0,2.0,5.0,2.0,1.0,3.0,1.0,pd1,1
8as0,0.0,2.0,2.0,2.0,0.0,1.0,1.0,4.0,1.0,1.0,2.0,3.0,2.0,1.0,4.0,6.0,2.0,1.0,4.0,0.0,pd1,2
8gy5,2.0,1.0,4.0,1.0,0.0,1.0,2.0,4.0,0.0,3.0,1.0,2.0,0.0,4.0,2.0,5.0,2.0,1.0,1.0,1.0,pd1,1
8u31,3.0,1.0,6.0,4.0,0.0,1.0,1.0,6.0,0.0,2.0,2.0,3.0,0.0,0.0,2.0,3.0,4.0,2.0,7.0,2.0,pd1,1
8u32,3.0,1.0,5.0,4.0,0.0,1.0,1.0,6.0,0.0,2.0,2.0,3.0,1.0,0.0,3.0,4.0,3.0,2.0,7.0,2.0,pd1,1
5ggt,3.0,2.0,2.0,2.0,0.0,1.0,2.0,3.0,2.0,4.0,1.0,1.0,1.0,2.0,1.0,4.0,1.0,1.0,3.0,1.0,pdl1,1
5grj,1.0,3.0,1.0,3.0,0.0,2.0,2.0,3.0,2.0,4.0,1.0,2.0,2.0,2.0,1.0,7.0,4.0,0.0,6.0,2.0,pdl1,1
5x8l,5.0,3.0,1.0,4.0,0.0,1.0,2.0,5.0,2.0,1.0,1.0,1.0,2.0,0.0,2.0,5.0,2.0,3.0,8.0,2.0,pdl1,1
5x8m,1.0,3.0,1.0,3.0,0.0,0.0,5.0,2.0,0.0,0.0,1.0,2.0,2.0,2.0,0.0,5.0,2.0,3.0,6.0,3.0,pdl1,0
5xj4,1.0,3.0,1.0,4.0,0.0,0.0,5.0,2.0,0.0,1.0,1.0,3.0,3.0,2.0,0.0,3.0,2.0,3.0,6.0,4.0,pdl1,0
5xxy,5.0,3.0,1.0,4.0,0.0,1.0,2.0,5.0,3.0,3.0,2.0,1.0,2.0,1.0,3.0,6.0,3.0,4.0,9.0,2.0,pdl1,1
7yds,6.0,6.0,5.0,8.0,0.0,1.0,2.0,4.0,1.0,1.0,2.0,2.0,2.0,2.0,0.0,8.0,0.0,1.0,9.0,4.0,pdl1,1
8rpb,5.0,3.0,1.0,5.0,0.0,1.0,2.0,5.0,1.0,2.0,5.0,1.0,1.0,2.0,2.0,4.0,2.0,1.0,7.0,1.0,pdl1,1
6txz,5.0,2.0,3.0,3.0,2.0,1.0,2.0,6.0,0.0,3.0,0.0,4.0,1.0,2.0,3.0,6.0,1.0,2.0,4.0,5.0,tim3,0
