num_hydrogen_bonds,num_salt_bridges,paratope_area,pdb_id,binding_score,pdb_base,cluster
0.1067961165048543,0.0,0.6188002592055959,6txz,0.1664784984430609,6txz,TIM3
0.0533980582524271,0.0,0.3365531117328803,5tru,0.0886698456475469,5tru,CTLA-4
0.1116504854368932,0.0,0.7695304260607267,5b8c,0.1985662793869026,5b8c,PD-1
0.0970873786407767,0.0,0.4829860947081117,5x8l,0.135432170397933,5x8l,PD-L1
0.0388349514563106,0.6666666666666666,0.1988316214083411,7su1,0.3219669715308591,7su1,CTLA-4
1.0,1.0,0.7311952658900465,9dq4,0.9462390531780094,9dq4,CTLA-4
0.0679611650485436,0.3333333333333333,0.6623550116038555,6xkr,0.2929888016735219,6xkr,PD-1
0.0970873786407767,0.0,0.4202640014176177,5xj4,0.1228877517398342,5xj4,PD-L1
0.0436893203883495,0.3333333333333333,0.313390528391524,7su0,0.2134871671669779,7su0,CTLA-4
0.0485436893203883,0.3333333333333333,0.3539038607162598,7wvm,0.2235315812047406,7wvm,PD-1
0.087378640776699,0.0,0.5438016594819037,6txz,0.1437117882070603,6txz,TIM3
0.0679611650485436,0.0,0.3010755118682636,5xj3,0.0873995683930702,5xj3,CTLA-4
0.087378640776699,0.0,0.3417696741811175,7bxa,0.1033053911469031,7bxa,PD-1
0.0776699029126213,0.6666666666666666,0.4995774055800164,9dq3,0.3976501089477185,9dq3,CTLA-4
0.0533980582524271,0.0,0.5133632205119252,5jxe,0.1240318674033559,5jxe,PD-1
0.1116504854368932,0.6666666666666666,0.540376414204323,7cgw,0.4194021436822885,7cgw,PD-1
0.0436893203883495,0.0,0.3058722904155123,6rp8,0.0786501862384422,6rp8,CTLA-4
0.1116504854368932,0.0,0.5797774985862691,5x8l,0.1606156938920111,5x8l,PD-L1
0.1504854368932038,0.0,1.0,5ggs,0.2601941747572815,5ggs,PD-1
0.1262135922330097,0.0,0.8975100595650631,5b8c,0.2299874488062165,5b8c,PD-1
0.0922330097087378,0.0,0.6217418560228924,5x8l,0.1612415750880736,5x8l,PD-L1
0.1310679611650485,0.3333333333333333,0.6419255284224199,5wt9,0.3141456234838368,5wt9,PD-1
0.0485436893203883,0.0,0.4226208508218376,8gy5,0.1039416458925228,8gy5,PD-1
0.0485436893203883,0.0,0.2765831743197497,5xj3,0.0747341105921053,5xj3,CTLA-4
0.1019417475728155,0.6666666666666666,0.5727575795810413,7cgw,0.4219948816120011,7cgw,PD-1
0.0,0.0,0.0441757774324095,7cu5,0.0088351554864819,7cu5,PD-1
0.0825242718446601,0.0,0.8307670504320723,5b8c,0.1991631188242785,5b8c,PD-1
0.087378640776699,0.3333333333333333,0.5561184300879414,5x8l,0.2795084756616012,5x8l,PD-L1
0.1213592233009708,0.0,0.4791702470884718,5ggr,0.1443777387380827,5ggr,PD-1
0.0631067961165048,0.0,0.5041393762282316,5jxe,0.1260705936922482,5jxe,PD-1
0.1019417475728155,0.0,0.7883723845977977,5b8c,0.1984511759486857,5b8c,PD-1
0.0097087378640776,0.0,0.0,7cu5,0.003883495145631,7cu5,PD-1
0.0728155339805825,0.0,0.4619482637271428,8tui,0.1215158663376615,8tui,KIR
0.8834951456310679,0.0,0.8264516081450834,5xxy,0.5186883798814439,5xxy,PD-L1
0.0485436893203883,0.3333333333333333,0.4087602481787936,7su0,0.2345028586972474,7su0,CTLA-4
0.0825242718446601,0.0,0.5732527890414476,6txz,0.1476602665461536,6txz,TIM3
0.087378640776699,0.0,0.3315271861901063,7bxa,0.1012568935487008,7bxa,PD-1
0.0631067961165048,0.3333333333333333,0.4686939877018864,8gy5,0.2523148493203125,8gy5,PD-1
0.1213592233009708,0.3333333333333333,0.8922935768478615,5ggs,0.360335738023294,5ggs,PD-1
0.0728155339805825,0.0,0.2904371592868617,5tru,0.0872136454496053,5tru,CTLA-4
0.0970873786407767,0.0,0.5980644493864398,6txz,0.1584478413335986,6txz,TIM3
0.1553398058252427,0.6666666666666666,0.4434831937940551,5grj,0.4174992277555747,5grj,PD-L1
0.1359223300970873,0.0,0.9102108945682634,7wsl,0.2364111109524876,7wsl,PD-1
0.0533980582524271,0.0,0.3789494519188968,7wvm,0.0971491136847502,7wvm,PD-1
0.1067961165048543,0.0,0.3099117038582047,5ggr,0.1047007873735827,5ggr,PD-1
0.1067961165048543,0.6666666666666666,0.4828959189071585,6k0y,0.4059642970500401,6k0y,PD-1
0.1650485436893203,0.3333333333333333,0.7254244930152622,5ggv,0.3444376494121139,5ggv,CTLA-4
0.0485436893203883,0.0,0.2881476826074919,5xj3,0.0770470122496537,5xj3,CTLA-4
0.0679611650485436,0.0,0.312055511936035,6rp8,0.0895955684066244,6rp8,CTLA-4
0.1310679611650485,0.0,0.6116054900398995,5x8l,0.1747482824739993,5x8l,PD-L1
0.0631067961165048,0.6666666666666666,0.3567997716503148,5x8m,0.3632693394433315,5x8m,PD-L1
0.0339805825242718,0.0,0.184124753556353,5xj3,0.0504171837209793,5xj3,CTLA-4
