pdb_id,H_chain,L_chain,antigen_chain,paratope_area,buried_paratope_area,num_filtered_hbonds,num_salt_bridges,folder,structure_id,paratope_sequence,binding_score
5ggs,A,B,Z,2308.71923828125,1511.7320556640625,24,0,pd1,5ggs_ID_1,YYYYYYERYRM,0.18316544830873732
6k0y,A,B,C,1517.019287109375,787.4491577148438,15,2,pd1,6k0y,SYSSDSYD,0.3400491591527154
5xj3,A,B,C,1201.1490478515625,671.6341552734375,12,0,ctla4,5xj3_ID_1,YNYSW,0.05254182080615143
5b8c,B,A,C,2151.804443359375,1530.440673828125,27,0,pd1,5b8c_ID_1,YYYYYYLRYR,0.19182757003079762
7su0,H,L,C,1257.5020751953125,860.3029174804688,12,0,ctla4,7su0_ID_1,EHNTYGSSWWL,0.07620362186198257
5b8c,H,G,I,2049.619140625,1212.3687744140625,18,0,pd1,5b8c_ID_2,YYYYYLRRYRF,0.19182757003079762
6txz,K,O,D,1725.0924072265625,873.9346313476562,15,0,tim3,6txz_ID_1,YAVSKGSTY,0.08422902610073033
5xj3,J,K,L,1218.8546142578125,768.2896728515625,13,0,ctla4,5xj3_ID_2,YNYGSW,0.05254182080615143
9dq3,H,L,C,1542.55908203125,1075.8072509765625,15,2,ctla4,9dq3,KYRHYGQSW,0.3762134491802847
6txz,J,N,C,1655.3580322265625,716.5263061523438,14,0,tim3,6txz_ID_2,YAVKSYY,0.08422902610073033
5x8m,B,C,A,1323.9627685546875,813.447998046875,12,1,pdl1,5x8m,RSEYYSF,0.20366066826177406
6rp8,h,l,c,1245.991455078125,966.5534057617188,13,0,ctla4,6rp8_ID_1,YYNYGSS,0.09163423833425954
9dq4,H,L,A,1897.172119140625,1628.711181640625,192,3,ctla4,9dq4,VGKWYRHYGQSWL,0.9515205390282729
5ggr,A,B,Y,1252.1759033203125,814.4287719726562,26,0,pd1,5ggr_ID_1,TNLYYRTNDDY,0.09992402242388347
5wt9,H,L,G,1760.497802734375,910.3566284179688,20,0,pd1,5wt9,SNGYYTKND,0.09932318893945805
7su0,I,M,D,1403.515625,1341.201171875,15,0,ctla4,7su0_ID_2,EENYGSWL,0.07620362186198257
7cu5,B,B,E,777.6929321289062,650.1746826171875,7,0,pd1,7cu5_ID_1,SNYQY,0.03932417569000285
5xj3,G,H,I,1059.5927734375,622.4866943359375,8,0,ctla4,5xj3_ID_3,YNYGSSW,0.05254182080615143
5x8l,J,O,E,1665.3475341796875,1038.9022216796875,24,0,pdl1,5x8l_ID_1,WWSYGSYW,0.12386572463363815
5xj4,H,L,A,1421.128173828125,623.18359375,13,0,pdl1,5xj4,SEYWF,0.048570680353824364
8tui,H,L,A,1484.9478759765625,1012.8372802734376,18,0,kir,8tui,SSYNWSYDY,0.10796522373611768
6rp8,H,L,C,1255.4581298828125,724.6325073242188,16,0,ctla4,6rp8_ID_2,YSYNYGSSW,0.09163423833425954
6txz,I,M,B,1610.267578125,699.0109252929688,14,0,tim3,6txz_ID_3,YAKGSTY,0.08422902610073033
7wsl,H,L,D,2171.249755859375,794.8929443359375,13,0,pd1,7wsl,YDSTSSYD,0.07010552504916417
7cu5,A,A,Q,845.3272094726562,579.016357421875,2,0,pd1,7cu5_ID_2,SGANYQL,0.03932417569000285
7su1,H,L,C,1082.109375,625.7113037109375,12,2,ctla4,7su1,HYGSSW,0.31344909537803156
5ggr,H,L,Z,1511.315185546875,1235.47412109375,28,0,pd1,5ggr_ID_2,NYYATNDD,0.09992402242388347
7wvm,C,D,F,1357.87451171875,1063.0540771484375,12,0,pd1,7wvm_ID_1,NFFSGRYSWG,0.10163155994660389
5x8l,H,M,C,1714.0770263671875,1451.3128662109375,26,0,pdl1,5x8l_ID_2,SSDWSYSTYYRWP,0.12386572463363815
7bxa,H,L,P,1300.9512939453125,1041.0872802734375,16,0,pd1,7bxa_ID_1,NYFTGNY,0.10729765743134331
8gy5,A,B,Q,1424.736572265625,782.6976318359375,8,0,pd1,8gy5_ID_1,SRDYSTG,0.058049740073519415
5xxy,H,L,A,2043.0120849609375,2015.2650146484375,181,0,pdl1,5xxy,SDWWSYGSTYYLYHRW,0.5768421052631578
5b8c,K,J,L,1955.8642578125,1346.9541015625,22,0,pd1,5b8c_ID_3,TYYYYERYR,0.19182757003079762
5ggv,H,L,Y,1888.3369140625,1096.9686279296875,27,0,ctla4,5ggv,NYYYSTLYY,0.13746388420739697
5b8c,E,D,F,1984.7117919921875,1399.1629638671875,20,0,pd1,5b8c_ID_4,TYYYYERRYR,0.19182757003079762
5tru,h,l,c,1292.964599609375,799.474365234375,12,0,ctla4,5tru_ID_1,YYYGSSW,0.06857483856513821
7wvm,A,B,E,1319.529052734375,878.6505126953125,10,0,pd1,7wvm_ID_2,FSGRDYSW,0.10163155994660389
5xj3,D,E,F,1238.6474609375,754.8224487304688,17,0,ctla4,5xj3_ID_4,QYYGSSW,0.05254182080615143
8gy5,H,L,P,1495.2757568359375,670.397705078125,11,1,pd1,8gy5_ID_2,NSGRDYST,0.058049740073519415
5tru,H,L,C,1222.35986328125,960.514892578125,18,0,ctla4,5tru_ID_2,SNYGSSWWL,0.06857483856513821
7cgw,H,L,P,1605.0234375,824.9442138671875,21,2,pd1,7cgw_ID_1,NYFHYNYWY,0.35738316233224376
7cgw,A,B,C,1654.599853515625,1160.0316162109375,22,0,pd1,7cgw_ID_2,NDYHNYY,0.35738316233224376
5x8l,G,L,B,1517.1573486328125,1134.6636962890625,24,0,pdl1,5x8l_ID_3,SDWSYGSYRW,0.12386572463363815
5jxe,D,C,B,1563.66552734375,420.5532531738281,8,0,pd1,5jxe_ID_1,YRY,0.012631578947368423
6txz,H,L,A,1693.3453369140625,791.2568359375,12,0,tim3,6txz_ID_4,GYASTYY,0.08422902610073033
5ggs,C,D,Y,2143.81787109375,1380.6917724609375,19,1,pd1,5ggs_ID_2,YYYYYERRYR,0.18316544830873732
5x8l,F,K,A,1729.5960693359375,1111.9041748046875,17,0,pdl1,5x8l_ID_4,SDWSYGSTYWP,0.12386572463363815
7bxa,B,C,A,1285.269775390625,758.5508422851562,21,0,pd1,7bxa_ID_2,NFTYYGNYY,0.10729765743134331
6xkr,H,L,P,1791.77587890625,799.4140625,11,0,pd1,6xkr,SWYRSGY,0.06646201256913922
5x8l,S,N,D,1629.1248779296875,965.5888671875,17,0,pdl1,5x8l_ID_5,DWSYGSYYW,0.12386572463363815
5grj,H,L,A,1456.6773681640625,1085.971923828125,35,2,pdl1,5grj,YYSGYRGTVTT,0.4195935098404144
5jxe,G,F,A,1549.5435791015625,1112.59814453125,18,0,pd1,5jxe_ID_2,SYISGNRRYR,0.012631578947368423
