pdb_id,H_chain,L_chain,antigen_chain,epitope_area,num_hydrogen_bonds,num_salt_bridges,folder,structure_id,epitope_sequence,binding_score
5ggr,A,B,Y,934.0193481445312,28,0,pd1,5ggrID1,,0.09992402242388347
7wvm,C,D,F,1084.1207275390625,17,0,pd1,7wvmID1,,0.10163155994660389
7cgw,H,L,P,1545.6065673828125,29,2,pd1,7cgwID1,,0.13484658242343064
9dq4,H,L,A,2228.426513671875,212,3,ctla4,9dq4,IQEREKEMPYFVGM,0.9515205390282729
5ggs,A,B,Z,1961.4351806640625,37,0,pd1,5ggsID1,,0.2895381124642512
5jxe,D,C,B,1262.868408203125,17,0,pd1,5jxeID1,,0.012631578947368423
7wsl,H,L,D,1546.5003662109375,34,0,pd1,7wsl,ESPERSA,0.07010552504916417
5xxy,H,L,A,2262.729736328125,188,0,pdl1,5xxy,DAIYEMEDKNQHVRMGAYR,0.5768421052631578
7wvm,A,B,E,1114.703125,16,1,pd1,7wvmID2,,0.10163155994660389
5b8c,H,G,I,1523.636962890625,23,0,pd1,5b8cID1,,0.16062659777582677
6rp8,H,L,C,1499.74560546875,20,0,ctla4,6rp8ID1,,0.0676096359851859
7cgw,A,B,C,1652.1934814453125,27,2,pd1,7cgwID2,,0.13484658242343064
6xkr,H,L,P,1621.897705078125,20,1,pd1,6xkr,QTDKDLP,0.06646201256913922
7su1,H,L,C,1172.1873779296875,14,2,ctla4,7su1,EKMPYL,0.31344909537803156
6txz,I,M,B,1503.1302490234375,24,0,tim3,6txzID1,,0.08422902610073033
5x8l,G,L,B,1699.88134765625,26,0,pdl1,5x8lID1,,0.11828438697608736
7bxa,B,C,A,1424.011962890625,24,0,pd1,7bxaID1,,0.08238980325808673
5x8m,B,C,A,1354.1551513671875,19,2,pdl1,5x8m,DVRYKR,0.20366066826177406
5ggv,H,L,Y,2085.559814453125,40,1,ctla4,5ggv,KMQIKMPYLI,0.13746388420739697
8tui,H,L,A,1685.6207275390625,21,0,kir,8tui,RFKDTHSD,0.10796522373611768
5tru,H,L,C,1444.2833251953125,21,0,ctla4,5truID1,,0.10140323692955763
5xj3,A,B,C,1485.8072509765625,16,0,ctla4,5xj3ID1,,0.06676908869407323
7su0,H,L,C,1579.147216796875,15,1,ctla4,7su0ID1,,0.07620362186198257
6rp8,h,l,c,1457.118896484375,15,0,ctla4,6rp8ID2,,0.0676096359851859
6k0y,A,B,C,1337.128662109375,28,2,pd1,6k0y,EDRPKA,0.3400491591527154
5tru,h,l,c,1561.2684326171875,17,0,ctla4,5truID2,,0.10140323692955763
5x8l,H,M,C,1834.608642578125,33,0,pdl1,5x8lID2,,0.11828438697608736
5ggs,C,D,Y,1861.3218994140625,31,1,pd1,5ggsID2,,0.2895381124642512
6txz,K,O,D,1617.14599609375,28,0,tim3,6txzID2,,0.08422902610073033
7cu5,B,B,E,713.155029296875,8,0,pd1,7cu5ID1,,0.019873573152996395
7su0,I,M,D,1668.169677734375,16,1,ctla4,7su0ID2,,0.07620362186198257
5xj4,H,L,A,1482.2015380859375,26,0,pdl1,5xj4,DERR,0.048570680353824364
8gy5,A,B,Q,1015.8248901367188,16,0,pd1,8gy5ID1,,0.058049740073519415
5wt9,H,L,G,1204.9268798828125,33,1,pd1,5wt9,LPDRAKA,0.09932318893945805
6txz,H,L,A,1590.8505859375,26,0,tim3,6txzID3,,0.08422902610073033
5x8l,S,N,D,1733.7470703125,24,1,pdl1,5x8lID3,,0.11828438697608736
5grj,H,L,A,1368.144287109375,38,2,pdl1,5grj,YEEDNMS,0.4195935098404144
7cu5,A,A,Q,761.8038330078125,6,0,pd1,7cu5ID2,,0.019873573152996395
5xj3,G,H,I,1317.3883056640625,13,0,ctla4,5xj3ID2,,0.06676908869407323
5xj3,J,K,L,1496.876708984375,16,0,ctla4,5xj3ID3,,0.06676908869407323
8gy5,H,L,P,1210.948486328125,19,1,pd1,8gy5ID2,,0.058049740073519415
7bxa,H,L,P,1238.410400390625,24,0,pd1,7bxaID2,,0.08238980325808673
5x8l,F,K,A,1901.947021484375,25,0,pdl1,5x8lID4,,0.11828438697608736
5jxe,G,F,A,1245.5316162109375,19,0,pd1,5jxeID2,,0.012631578947368423
5b8c,E,D,F,1769.80712890625,27,0,pd1,5b8cID2,,0.16062659777582677
5ggr,H,L,Z,1006.0888061523438,31,0,pd1,5ggrID2,,0.09992402242388347
5x8l,J,O,E,1705.8287353515625,29,0,pdl1,5x8lID5,,0.11828438697608736
9dq3,H,L,C,1538.33642578125,22,2,ctla4,9dq3,EREKEMYL,0.3762134491802847
5b8c,K,J,L,1594.13720703125,29,0,pd1,5b8cID3,,0.16062659777582677
5xj3,D,E,F,1529.390869140625,20,0,ctla4,5xj3ID4,,0.06676908869407323
5b8c,B,A,C,1872.0299072265625,32,0,pd1,5b8cID4,,0.16062659777582677
6txz,J,N,C,1528.4931640625,23,0,tim3,6txzID4,,0.08422902610073033
